,"C",1,"0.1uF","","","1005","C2000"
,"C",2,"0.1uF","","","1005","C2000"
,"C",3,"0.1uF","","","1005","C2000"
,"C",4,"0.1uF","","","1005","C2000"
,"C",5,"0.1uF","","","1005","C2000"
,"C",6,"0.1uF","","","1005","C2000"
,"C",7,"0.1uF","","","1005","C2000"
,"C",8,"0.1uF","","","1005","C2000"
,"C",9,"0.015uF","","","3216","PCF1078CT-ND"
,"C",10,"0.015uF","","","3216","PCF1078CT-ND"
,"C",11,"10uF/16V","","","φ4x5mm","732-8411-1-ND"
,"C",12,"10uF/16V","","","φ4x5mm","732-8411-1-ND"
,"C",13,"1uF","","","1608",""
,"C",14,"1uF","","","1608",""
,"C",15,"0.1uF","","","1005","C2000"
,"C",16,"0.1uF","","","1005","C2000"
,"C",17,"0.1uF","","","1005","C2000"
,"CN",1,"MJ-8435","Marushin","MJ-8435","DIP-4","C-09060"
,"CN",2,"10029449-111RLF","FCI","10029449-111RLF","","609-4614-1-ND"
,"CN",3,"USB-A1SSW6","OnShore Technology","USB-A1SSW6","","ED2991-ND"
,"CN",4,"DM3AT-SF-PEJ","Hirose","DM3AT-SF-PEJM5","","HR1964CT-ND"
,"CN",5,"GPIO-40P","Useconn","FH-2x20SG","DIP2x20","C-00085"
,"DA",1,"DT1240A-08LP3810-7","DIODES","DT1240A-08LP3810-7","U-DFN3810-9","DT1240A-08LP3810-7DICT-ND"
,"DA",2,"TPD2EUSB30A","TI","TPD2EUSB30ADRTR","SOT-723","296-28153-1-ND"
,"IC",1,"AP22816BKB","Diodes","AP22816BKBWT-7","SOT-23-5","31-AP22816BKBWT-7CT-ND"
,"IC",2,"AP22816BKB","Diodes","AP22816BKBWT-7","SOT-23-5","31-AP22816BKBWT-7CT-ND"
,"LED",1,"HTG-1608UBG","HTGLIGHT","HTG-1608UBGCT6","1608","C1063"
,"OSC",1,"ASDDV","Abracon","ASDDV-xx.xxxMHZ-LC-T3","2520","535-ASDDV-48.000MHZ-LC-T3CT-ND"
,"Q",1,"BSS138","Panjit","BSS138","SOT-23-3","I-04232"
,"Q",2,"BSS138","Panjit","BSS138","SOT-23-3","I-04232"
,"Q",3,"DTC143E","Diodes","DDTC143ECA-7-F","SOT-23-3","DDTC143ECA-FDICT-ND"
,"R",1,"1k","","","1608","C1025"
,"R",2,"1k","","","1608","C1025"
,"R",3,"124","Yaego","RC0402FR-07124RL","1005","311-124LRCT-ND"
,"R",4,"124","Yaego","RC0402FR-07124RL","1005","311-124LRCT-ND"
,"R",5,"124","Yaego","RC0402FR-07124RL","1005","311-124LRCT-ND"
,"R",6,"124","Yaego","RC0402FR-07124RL","1005","311-124LRCT-ND"
,"R",7,"620","","","1608","C1023"
,"R",8,"620","","","1608","C1023"
,"R",9,"10","","","1608","C1001"
,"R",10,"10k","","","1005","C1107"
,"R",11,"10k","","","1005","C1107"
,"R",12,"10k","","","1005","C1107"
,"R",13,"33","","","1005","C1077"
,"R",14,"33","","","1005","C1077"
,"R",15,"15k","","","1608","C1039"
,"R",16,"15k","","","1608","C1039"
,"R",17,"0 (DNI)","","","1005","C1070"
,"R",18,"0 (DNI)","","","1005","C1070"
,"R",19,"33","","","1005","C1077"
,"R",20,"33","","","1005","C1077"
,"RN",1,"240","Yaego","YC164-JR-07240RL","3216凸","YC164J-240CT-ND"
,"RN",2,"240","Yaego","YC164-JR-07240RL","3216凸","YC164J-240CT-ND"
,"RN",3,"10k","Yaego","YC164-JR-0710KL","3216凸","YC164J-10KCT-ND"
,"RN",4,"10k","Yaego","YC164-JR-0710KL","3216凸","YC164J-10KCT-ND"
,"RN",5,"10k","Yaego","YC164-JR-0710KL","3216凸","YC164J-10KCT-ND"
,"U",1,"WIZ850io","","","",""
